{
  "gizmos-infos": {
    "is2D": false,
    "is3DIcon": false,
    "iconSize": 2,
    "gridVisible": true,
    "gridColor": [
      150,
      150,
      150,
      255
    ],
    "isIconGizmo3D": false,
    "iconGizmoSize": 2,
    "isGridVisible": true
  },
  "float-window": {
    "position": {
      "cc": {
        "Camera": {
          "dock": false,
          "top": null,
          "bottom": 10,
          "left": null,
          "right": 10
        },
        "ParticleSystem": {
          "dock": false,
          "top": null,
          "bottom": 10,
          "left": null,
          "right": 10
        }
      }
    }
  },
  "camera-infos": {
    "f46876e4-e81b-4931-b493-6d367be385e7": {
      "position": {
        "x": 50,
        "y": 50,
        "z": 50
      },
      "rotation": {
        "x": -0.27984814233312133,
        "y": 0.3647051996310009,
        "z": 0.11591689595929514,
        "w": 0.8804762392171493
      },
      "viewCenter": {
        "x": 0,
        "y": 0,
        "z": 0
      }
    },
    "fcf0c816-050b-46b6-a99b-3523dc1af167": {
      "position": {
        "x": 489.42966610307536,
        "y": 1250.756660682964,
        "z": 1619.1240146402981
      },
      "rotation": {
        "x": -0.18100758119464544,
        "y": -0.05817293803021831,
        "z": -0.010726012915308496,
        "w": 0.9817011336203092
      },
      "viewCenter": {
        "x": 816.1550075071071,
        "y": 194.66350447529976,
        "z": -1128.0327132805044
      }
    },
    "79adc45b-f1c5-4d2e-bcd3-ee1bb2065a10": {
      "position": {
        "x": 39.41743094906078,
        "y": 59.41743094906077,
        "z": 59.41743094906077
      },
      "rotation": {
        "x": -0.27984814233312133,
        "y": 0.3647051996310009,
        "z": 0.11591689595929514,
        "w": 0.8804762392171493
      },
      "viewCenter": {
        "x": -10,
        "y": 10,
        "z": 10
      }
    },
    "89abc6e9-71fd-4342-a4e6-0fa254483d4f": {
      "position": {
        "x": -24.217127587658297,
        "y": -7.236536952293079,
        "z": 5000
      },
      "rotation": {
        "x": 0,
        "y": 0,
        "z": 0,
        "w": 1
      },
      "viewCenter": {
        "x": 0,
        "y": 0,
        "z": 0
      }
    },
    "468efecb-6c5f-43b9-9380-85244bfb60a9": {
      "position": {
        "x": 50,
        "y": 50,
        "z": 50
      },
      "rotation": {
        "x": -0.27984814233312133,
        "y": 0.3647051996310009,
        "z": 0.11591689595929514,
        "w": 0.8804762392171493
      },
      "viewCenter": {
        "x": 0,
        "y": 0,
        "z": 0
      }
    },
    "c065e1f8-e86f-474d-832f-80b10901c6bd": {
      "position": {
        "x": 50,
        "y": 50,
        "z": 50
      },
      "rotation": {
        "x": -0.27984814233312133,
        "y": 0.3647051996310009,
        "z": 0.11591689595929514,
        "w": 0.8804762392171493
      },
      "viewCenter": {
        "x": 0,
        "y": 0,
        "z": 0
      }
    },
    "1c862be7-da9d-4e89-b4d1-aa6ebc2a327d": {
      "position": {
        "x": 50,
        "y": 50,
        "z": 50
      },
      "rotation": {
        "x": -0.27984814233312133,
        "y": 0.3647051996310009,
        "z": 0.11591689595929514,
        "w": 0.8804762392171493
      },
      "viewCenter": {
        "x": 0,
        "y": 0,
        "z": 0
      }
    },
    "bcdc9d72-8737-43a5-9d68-f0bc48baf621": {
      "position": {
        "x": 97.43585499999999,
        "y": 97.43585499999999,
        "z": 97.43585499999999
      },
      "rotation": {
        "x": -0.27984814233312133,
        "y": 0.3647051996310009,
        "z": 0.11591689595929514,
        "w": 0.8804762392171493
      },
      "viewCenter": {
        "x": 0,
        "y": 0,
        "z": 0
      }
    },
    "01c20d67-5ad6-4cfe-9ebb-7c56603df063": {
      "position": {
        "x": 480,
        "y": 320.6311637080868,
        "z": 5000
      },
      "rotation": {
        "x": 0,
        "y": 0,
        "z": 0,
        "w": 1
      },
      "viewCenter": {
        "x": 3.29102,
        "y": 0.6199199999999999,
        "z": 0.30699999999999994
      }
    },
    "50a57188-0923-46c1-857a-6f2ddd1a0dcf": {
      "position": {
        "x": 480,
        "y": 320,
        "z": 5000
      },
      "rotation": {
        "x": 0,
        "y": 0,
        "z": 0,
        "w": 1
      },
      "viewCenter": {
        "x": 13.995585707639144,
        "y": 37.468,
        "z": -7.875857786364733
      }
    },
    "e9716114-6796-4688-bb3e-7a18f9e99d7a": {
      "position": {
        "x": 1.9399999999999995,
        "y": 37.336529613181604,
        "z": -2.0410000000000004
      },
      "rotation": {
        "x": -0.7071067811865475,
        "y": 0,
        "z": 0,
        "w": 0.7071067811865475
      },
      "viewCenter": {
        "x": 1.94,
        "y": 1.5820000000000005,
        "z": -2.041
      }
    },
    "fd9ea8d9-2a36-4cb7-b0a6-e387e2ebac93": {
      "position": {
        "x": 961.2307692307695,
        "y": 540,
        "z": 30953.95877993197
      },
      "rotation": {
        "x": 0,
        "y": 0,
        "z": 0,
        "w": 1
      },
      "viewCenter": {
        "x": 0,
        "y": 0,
        "z": 0
      }
    },
    "1ed99379-164d-4719-8493-4949c73e2ab7": {
      "position": {
        "x": 50,
        "y": 50,
        "z": 50
      },
      "rotation": {
        "x": -0.27984814233312133,
        "y": 0.3647051996310009,
        "z": 0.11591689595929514,
        "w": 0.8804762392171493
      },
      "viewCenter": {
        "x": 0,
        "y": 0,
        "z": 0
      }
    },
    "a3d5ef25-c58e-40c1-8bbb-6c8ec98faa61": {
      "position": {
        "x": 129.3058979145752,
        "y": 129.30589791457516,
        "z": 129.30589791457533
      },
      "rotation": {
        "x": -0.27984814233312133,
        "y": 0.3647051996310009,
        "z": 0.11591689595929514,
        "w": 0.8804762392171493
      },
      "viewCenter": {
        "x": -0.4743131163269174,
        "y": 1.7530311679333588,
        "z": -0.536304277211078
      }
    },
    "8b90a306-909e-449c-97e2-89cb7d3a08a6": {
      "position": {
        "x": 0,
        "y": 0.147,
        "z": -6.867582050649272
      },
      "rotation": {
        "x": 0,
        "y": 0,
        "z": 0,
        "w": 1
      },
      "viewCenter": {
        "x": 0,
        "y": 0.147,
        "z": -15.024
      }
    },
    "bfba58b8-5268-4adf-8215-b985498e82bb": {
      "position": {
        "x": -48.20324199634945,
        "y": -6.535059757337422,
        "z": 314.11874088900004
      },
      "rotation": {
        "x": 0.01195211374136288,
        "y": -0.08887475983292654,
        "z": 0.0010665389318564099,
        "w": 0.9959705244761932
      },
      "viewCenter": {
        "x": 8.17348146036624,
        "y": 1.1081036784419678,
        "z": 0.742652926681842
      }
    },
    "5b6c0de1-7b06-4c2d-8f15-6b5e135a413b": {
      "position": {
        "x": -3.9724942130678755,
        "y": -363.88898373768234,
        "z": 3798.2929757566017
      },
      "rotation": {
        "x": 0.04773771541644768,
        "y": -0.0005223351057657674,
        "z": 0.000024963443773466225,
        "w": 0.9988597684288545
      },
      "viewCenter": {
        "x": 0,
        "y": 0,
        "z": 0
      }
    },
    "cd281678-35a4-4d65-89cf-cd3f3049d9cd": {
      "position": {
        "x": 305.62617366573403,
        "y": 149.40701901357886,
        "z": 1463.3850363239394
      },
      "rotation": {
        "x": 0.10166500948050947,
        "y": -0.11921646080841222,
        "z": 0.012273818533188135,
        "w": 0.9875732764195282
      },
      "viewCenter": {
        "x": 644.6118302482317,
        "y": 445.84082350641097,
        "z": 79.7881730086267
      }
    },
    "20e94b90-9f46-4b3f-b0d0-b5cf27544c2c": {
      "position": {
        "x": 50,
        "y": 50,
        "z": 50
      },
      "rotation": {
        "x": -0.27984814233312133,
        "y": 0.3647051996310009,